@timestamp,ingest_time,log_level,service_name,env,region,zone,host_name,host_ip,logip,pod_name,container_id,node_name,trace_id,span_id,requestId,request_id,session_id,logger,thread,error_code,error_type,status_code,message,raw_message,labels,schema_version
2026-03-22T21:41:00Z,2026-03-22T21:41:00Z,WARN,notification-job,prod,eu-central-1,zone-b,host-784,10.0.197.158,192.168.219.122,notification-job-58739c9d,b1422cf8af07,k8s-node-6,f68d5330987d49a894fa2cb9eed9b5e5,43e5b0a7381f4a04,bfd55364-6575-4460-8d19-b34da3536f7b,bfd55364-6575-4460-8d19-b34da3536f7b,sess-22badb208b,io.netty.util.internal,exec-13,,,200,Successfully processed request for notification-job,[WARN] 2026-03-22T21:41:00Z notification-job f68d5330987d49a894fa2cb9eed9b5e5 - Successfully processed request for notification-job,"team=sre,version=v2.0",v1.2
2026-03-21T01:16:00Z,2026-03-21T01:16:00Z,INFO,user-auth-api,prod,eu-central-1,zone-b,host-841,10.0.146.31,192.168.118.8,user-auth-api-288a0a50,fc144e5a5b1a,k8s-node-45,b94e0dd871b9451f8f588a98482178e8,2f7dcd1589ea4871,26195b4a-6aae-4267-8620-d0689143a880,26195b4a-6aae-4267-8620-d0689143a880,sess-6f4c3a60cd,com.biz.service.impl,exec-20,,,200,Successfully processed request for user-auth-api,[INFO] 2026-03-21T01:16:00Z user-auth-api b94e0dd871b9451f8f588a98482178e8 - Successfully processed request for user-auth-api,"team=sre,version=v2.0",v1.2
2026-03-25T09:10:00Z,2026-03-25T09:10:00Z,ERROR,gateway-proxy,prod,eu-central-1,zone-c,host-332,10.0.181.87,192.168.111.159,gateway-proxy-54457e5d,23f36feebed4,k8s-node-26,aa45ea4c024b412eb42f442cc720b6a4,7d3ba4dc4e6d44a0,bbe46383-c0e1-466d-8e15-dec112626ded,bbe46383-c0e1-466d-8e15-dec112626ded,sess-25d136700a,com.biz.service.impl,exec-4,ERR_7107,CircuitBreakerOpen,504,Operation failed in gateway-proxy: connection refused by peer,[ERROR] 2026-03-25T09:10:00Z gateway-proxy aa45ea4c024b412eb42f442cc720b6a4 - Operation failed in gateway-proxy: connection refused by peer,"team=sre,version=v2.0",v1.2
2026-03-21T00:46:00Z,2026-03-21T00:46:00Z,INFO,gateway-proxy,dev,cn-beijing,zone-c,host-859,10.0.222.86,192.168.195.239,gateway-proxy-8b435184,fd36edbae9f2,k8s-node-1,f29396d9c25d41ddacf84c6e94ba6f3e,bdadd978cfee44a1,91713c4d-c27f-4eb3-a09d-9ecc6e098488,91713c4d-c27f-4eb3-a09d-9ecc6e098488,sess-c4e54aa7c8,io.netty.util.internal,exec-12,,,200,Successfully processed request for gateway-proxy,[INFO] 2026-03-21T00:46:00Z gateway-proxy f29396d9c25d41ddacf84c6e94ba6f3e - Successfully processed request for gateway-proxy,"team=sre,version=v2.0",v1.2
2026-03-22T05:32:00Z,2026-03-22T05:32:00Z,WARN,notification-job,prod,cn-hangzhou,zone-c,host-450,10.0.199.176,192.168.83.28,notification-job-5ad71018,50d6480a359f,k8s-node-25,2b084ecf533c462b9bafa3154c558a74,caf9befe6857454e,49259495-1aac-4ade-86d8-546631a42ff1,49259495-1aac-4ade-86d8-546631a42ff1,sess-54f1a47627,com.tech.core.Dispatcher,exec-11,,,200,Successfully processed request for notification-job,[WARN] 2026-03-22T05:32:00Z notification-job 2b084ecf533c462b9bafa3154c558a74 - Successfully processed request for notification-job,"team=sre,version=v2.0",v1.2
2026-03-24T13:26:00Z,2026-03-24T13:26:00Z,INFO,search-engine,prod,cn-hangzhou,zone-c,host-743,10.0.126.163,192.168.16.195,search-engine-ce6a06b2,92705d3f5903,k8s-node-15,78878b67927d4899b4d21215cb72b0e6,c58fb7a3dc334933,13ab62d2-ad37-45fc-a35b-5f27c6124957,13ab62d2-ad37-45fc-a35b-5f27c6124957,sess-3b82f893cf,com.biz.service.impl,exec-17,,,200,Successfully processed request for search-engine,[INFO] 2026-03-24T13:26:00Z search-engine 78878b67927d4899b4d21215cb72b0e6 - Successfully processed request for search-engine,"team=sre,version=v2.0",v1.2
2026-03-24T02:51:00Z,2026-03-24T02:51:00Z,WARN,user-auth-api,dev,cn-hangzhou,zone-b,host-988,10.0.169.116,192.168.152.127,user-auth-api-4bb1e52f,71a8a6b967b3,k8s-node-27,7b85c97cedfb48a38e917033bccf42a3,1b0dc8de419e4cea,93a7b174-9ef7-4718-b404-bb126e02b243,93a7b174-9ef7-4718-b404-bb126e02b243,sess-a5eb170f9c,com.biz.service.impl,exec-10,,,200,Successfully processed request for user-auth-api,[WARN] 2026-03-24T02:51:00Z user-auth-api 7b85c97cedfb48a38e917033bccf42a3 - Successfully processed request for user-auth-api,"team=sre,version=v2.0",v1.2
2026-03-23T09:12:00Z,2026-03-23T09:12:00Z,WARN,payment-service,prod,eu-central-1,zone-c,host-223,10.0.34.116,192.168.236.36,payment-service-5493ce72,b34564eb4062,k8s-node-6,1b8618d84bc845e5afa2db63c5d2374d,6af44c91fe854707,59d65b58-bd4f-482a-b2e8-a281ac3f5b5f,59d65b58-bd4f-482a-b2e8-a281ac3f5b5f,sess-d99ca7d560,com.biz.service.impl,exec-9,,,200,Successfully processed request for payment-service,[WARN] 2026-03-23T09:12:00Z payment-service 1b8618d84bc845e5afa2db63c5d2374d - Successfully processed request for payment-service,"team=sre,version=v2.0",v1.2
2026-03-24T15:09:00Z,2026-03-24T15:09:00Z,FATAL,search-engine,staging,eu-central-1,zone-b,host-481,10.0.85.35,192.168.169.94,search-engine-fd7d3f5f,7099e8db5030,k8s-node-1,cb2c3d19a7e74a079aaa5a012185583c,7512fd730a3044e7,659d8f98-b18a-4e78-a5f2-70320f7c8ad5,659d8f98-b18a-4e78-a5f2-70320f7c8ad5,sess-3c856e33f3,com.biz.service.impl,exec-5,ERR_8482,TimeoutException,404,Operation failed in search-engine: connection refused by peer,[FATAL] 2026-03-24T15:09:00Z search-engine cb2c3d19a7e74a079aaa5a012185583c - Operation failed in search-engine: connection refused by peer,"team=sre,version=v2.0",v1.2
2026-03-21T07:10:00Z,2026-03-21T07:10:00Z,INFO,user-auth-api,prod,us-west-1,zone-a,host-787,10.0.56.148,192.168.253.104,user-auth-api-56a7861a,ed8c1edaa3ac,k8s-node-21,c07a0d77fee2421ea7eb5e12285d8399,df2e09244db14ac9,181f59f2-b740-4726-a1ed-3ce9b825b9f0,181f59f2-b740-4726-a1ed-3ce9b825b9f0,sess-482c396574,com.biz.service.impl,exec-10,,,200,Successfully processed request for user-auth-api,[INFO] 2026-03-21T07:10:00Z user-auth-api c07a0d77fee2421ea7eb5e12285d8399 - Successfully processed request for user-auth-api,"team=sre,version=v2.0",v1.2
2026-03-20T02:45:00Z,2026-03-20T02:45:00Z,WARN,gateway-proxy,staging,cn-hangzhou,zone-b,host-343,10.0.52.118,192.168.158.252,gateway-proxy-ac6fc28c,e8993c32250b,k8s-node-15,78a0a58c59154a2e8db5b626c5bb7ae0,e03e02471dda4d57,9659f7ec-9092-4e1f-820d-b0de6afda168,9659f7ec-9092-4e1f-820d-b0de6afda168,sess-edb9918999,com.tech.core.Dispatcher,exec-3,,,200,Successfully processed request for gateway-proxy,[WARN] 2026-03-20T02:45:00Z gateway-proxy 78a0a58c59154a2e8db5b626c5bb7ae0 - Successfully processed request for gateway-proxy,"team=sre,version=v2.0",v1.2
2026-03-21T13:13:00Z,2026-03-21T13:13:00Z,INFO,payment-service,staging,eu-central-1,zone-a,host-614,10.0.196.89,192.168.181.8,payment-service-e04e035f,397b56a0f9c1,k8s-node-11,ac9307fe0f4043c2ad42486702ae9749,3cd1df8bb58b4e39,804b96b6-e8f3-44a5-b55a-3de4ad034d12,804b96b6-e8f3-44a5-b55a-3de4ad034d12,sess-87da0445ad,io.netty.util.internal,exec-18,,,200,Successfully processed request for payment-service,[INFO] 2026-03-21T13:13:00Z payment-service ac9307fe0f4043c2ad42486702ae9749 - Successfully processed request for payment-service,"team=sre,version=v2.0",v1.2
2026-03-25T20:53:00Z,2026-03-25T20:53:00Z,WARN,gateway-proxy,dev,eu-central-1,zone-b,host-303,10.0.25.127,192.168.194.28,gateway-proxy-a4be29cd,b47a079228ac,k8s-node-36,d86291a2d642477dac674f7b32b74e68,91a79308e4644e67,fe9bde1b-ec29-45d5-aea7-a669f9200bdb,fe9bde1b-ec29-45d5-aea7-a669f9200bdb,sess-46d9d30495,org.hibernate.SQL,exec-10,,,200,Successfully processed request for gateway-proxy,[WARN] 2026-03-25T20:53:00Z gateway-proxy d86291a2d642477dac674f7b32b74e68 - Successfully processed request for gateway-proxy,"team=sre,version=v2.0",v1.2
2026-03-20T23:48:00Z,2026-03-20T23:48:00Z,FATAL,search-engine,prod,us-west-1,zone-b,host-914,10.0.142.204,192.168.106.237,search-engine-ef338e08,4551b6235cd5,k8s-node-50,d07ab141d64d4372b7f4fd8490331667,5db77f20549c41eb,e4dc3c9f-1924-4558-9cb2-e6505d7eb345,e4dc3c9f-1924-4558-9cb2-e6505d7eb345,sess-a0750d24b6,com.tech.core.Dispatcher,exec-12,ERR_3131,AuthFailure,502,Operation failed in search-engine: connection refused by peer,[FATAL] 2026-03-20T23:48:00Z search-engine d07ab141d64d4372b7f4fd8490331667 - Operation failed in search-engine: connection refused by peer,"team=sre,version=v2.0",v1.2
2026-03-21T13:23:00Z,2026-03-21T13:23:00Z,FATAL,user-auth-api,prod,cn-beijing,zone-c,host-976,10.0.68.42,192.168.27.137,user-auth-api-07290edc,e1b7a79e082f,k8s-node-38,e94d42f665334df7b77888cbaca3b9d0,aae7ff64537c4c12,1c1b3fcc-7732-4b31-b9ae-97275f77f6b6,1c1b3fcc-7732-4b31-b9ae-97275f77f6b6,sess-c9012be448,com.tech.core.Dispatcher,exec-18,ERR_1763,AuthFailure,404,Operation failed in user-auth-api: connection refused by peer,[FATAL] 2026-03-21T13:23:00Z user-auth-api e94d42f665334df7b77888cbaca3b9d0 - Operation failed in user-auth-api: connection refused by peer,"team=sre,version=v2.0",v1.2
2026-03-25T20:19:00Z,2026-03-25T20:19:00Z,WARN,order-service,prod,eu-central-1,zone-b,host-637,10.0.112.222,192.168.250.87,order-service-13f75525,ee083993220f,k8s-node-36,f4f7ff9b386c422497e979fd8b121879,f5f6aba4a5ac437e,c1ac1556-1e02-4edb-84ce-8ecef7a46d02,c1ac1556-1e02-4edb-84ce-8ecef7a46d02,sess-935a09cbe4,org.hibernate.SQL,exec-3,,,200,Successfully processed request for order-service,[WARN] 2026-03-25T20:19:00Z order-service f4f7ff9b386c422497e979fd8b121879 - Successfully processed request for order-service,"team=sre,version=v2.0",v1.2
2026-03-21T15:26:00Z,2026-03-21T15:26:00Z,ERROR,gateway-proxy,prod,cn-hangzhou,zone-a,host-189,10.0.241.14,192.168.252.62,gateway-proxy-b9516255,73f19e4ddf4d,k8s-node-15,5611c36aa15843798abe1636bbc94d20,7d343757d8424cff,8e10670c-6d55-470b-af3d-78bd14330bcd,8e10670c-6d55-470b-af3d-78bd14330bcd,sess-dafca644df,com.biz.service.impl,exec-10,ERR_5445,NullPointerException,504,Operation failed in gateway-proxy: connection refused by peer,[ERROR] 2026-03-21T15:26:00Z gateway-proxy 5611c36aa15843798abe1636bbc94d20 - Operation failed in gateway-proxy: connection refused by peer,"team=sre,version=v2.0",v1.2
2026-03-19T13:59:00Z,2026-03-19T13:59:00Z,INFO,gateway-proxy,staging,cn-beijing,zone-b,host-591,10.0.144.80,192.168.155.193,gateway-proxy-c765ebf0,b43376677565,k8s-node-12,6bcb6e446f4c45ada19b6398a6c3c6f4,1b05e4ccf05445a8,ddf5962f-dc37-44a9-a5ce-fe3139965d8a,ddf5962f-dc37-44a9-a5ce-fe3139965d8a,sess-3bc7cdc8c1,org.hibernate.SQL,exec-2,,,200,Successfully processed request for gateway-proxy,[INFO] 2026-03-19T13:59:00Z gateway-proxy 6bcb6e446f4c45ada19b6398a6c3c6f4 - Successfully processed request for gateway-proxy,"team=sre,version=v2.0",v1.2
2026-03-25T10:43:00Z,2026-03-25T10:43:00Z,WARN,order-service,prod,eu-central-1,zone-c,host-460,10.0.170.21,192.168.84.109,order-service-a8ddfa7a,1183b02d6ab4,k8s-node-38,ed1e9fef4a334255bf9f6e9e1d0d08cd,b912ffb46f374498,4bb80df2-f2c2-4fdf-b1b0-775e0d730114,4bb80df2-f2c2-4fdf-b1b0-775e0d730114,sess-e752d54ba1,com.tech.core.Dispatcher,exec-2,,,200,Successfully processed request for order-service,[WARN] 2026-03-25T10:43:00Z order-service ed1e9fef4a334255bf9f6e9e1d0d08cd - Successfully processed request for order-service,"team=sre,version=v2.0",v1.2
2026-03-22T03:00:00Z,2026-03-22T03:00:00Z,ERROR,payment-service,dev,eu-central-1,zone-c,host-950,10.0.113.71,192.168.179.15,payment-service-de7b6148,8c6b469e6c34,k8s-node-31,d140d95d2fdd4d52a98a605a4d697d7e,2f8358592c8a480f,a3bb0f53-ad61-4ce7-be20-f7d6b8901fb9,a3bb0f53-ad61-4ce7-be20-f7d6b8901fb9,sess-54b5ce7b6a,com.tech.core.Dispatcher,exec-13,ERR_5451,CircuitBreakerOpen,502,Operation failed in payment-service: connection refused by peer,[ERROR] 2026-03-22T03:00:00Z payment-service d140d95d2fdd4d52a98a605a4d697d7e - Operation failed in payment-service: connection refused by peer,"team=sre,version=v2.0",v1.2
2026-03-21T22:23:00Z,2026-03-21T22:23:00Z,ERROR,inventory-center,staging,eu-central-1,zone-a,host-344,10.0.28.25,192.168.235.207,inventory-center-37be6071,8fcc4d976b61,k8s-node-19,e374a0187b834d1fbf2b2bd791bc5842,c982f6f311174982,b5f0251b-5ef4-4c55-9ae0-77cfcc3e9215,b5f0251b-5ef4-4c55-9ae0-77cfcc3e9215,sess-7a22ab379b,com.tech.core.Dispatcher,exec-16,ERR_2288,DatabaseException,401,Operation failed in inventory-center: connection refused by peer,[ERROR] 2026-03-21T22:23:00Z inventory-center e374a0187b834d1fbf2b2bd791bc5842 - Operation failed in inventory-center: connection refused by peer,"team=sre,version=v2.0",v1.2
2026-03-25T21:55:00Z,2026-03-25T21:55:00Z,INFO,notification-job,dev,cn-hangzhou,zone-c,host-734,10.0.28.84,192.168.173.189,notification-job-bba35947,706d448915a5,k8s-node-29,924e7d48e14c45a7960031fb55c68ebb,68a792032323448e,7e6cb7fc-6240-4651-ac0c-bffe035b9774,7e6cb7fc-6240-4651-ac0c-bffe035b9774,sess-f6d02570b0,com.tech.core.Dispatcher,exec-19,,,200,Successfully processed request for notification-job,[INFO] 2026-03-25T21:55:00Z notification-job 924e7d48e14c45a7960031fb55c68ebb - Successfully processed request for notification-job,"team=sre,version=v2.0",v1.2
2026-03-19T16:14:00Z,2026-03-19T16:14:00Z,ERROR,notification-job,prod,cn-hangzhou,zone-c,host-232,10.0.173.193,192.168.90.113,notification-job-d3c6f569,dd9eae3255c9,k8s-node-33,b001d114dea84714b566b50f3e90112f,08e50ca6ef80473d,240ba070-3509-4238-b3ef-6f6de8d9ec6c,240ba070-3509-4238-b3ef-6f6de8d9ec6c,sess-5e073b6192,io.netty.util.internal,exec-20,ERR_6875,TimeoutException,500,Operation failed in notification-job: connection refused by peer,[ERROR] 2026-03-19T16:14:00Z notification-job b001d114dea84714b566b50f3e90112f - Operation failed in notification-job: connection refused by peer,"team=sre,version=v2.0",v1.2
2026-03-22T14:54:00Z,2026-03-22T14:54:00Z,FATAL,user-auth-api,dev,cn-hangzhou,zone-c,host-440,10.0.237.102,192.168.82.79,user-auth-api-01d75fff,39acff9d457d,k8s-node-28,b2763e43e5d547e98bf063efb5aa16d4,d1b947f8fa7f4b6f,943d756d-57c2-4a77-ab4a-5170f7b25636,943d756d-57c2-4a77-ab4a-5170f7b25636,sess-05593d07d2,org.hibernate.SQL,exec-20,ERR_1787,CircuitBreakerOpen,403,Operation failed in user-auth-api: connection refused by peer,[FATAL] 2026-03-22T14:54:00Z user-auth-api b2763e43e5d547e98bf063efb5aa16d4 - Operation failed in user-auth-api: connection refused by peer,"team=sre,version=v2.0",v1.2
2026-03-22T22:17:00Z,2026-03-22T22:17:00Z,WARN,gateway-proxy,staging,us-west-1,zone-b,host-550,10.0.111.229,192.168.39.96,gateway-proxy-c1de6e35,80b9674cbc17,k8s-node-34,56bbfb5f3be147a0ba993eb9cacd3c3c,368eff3c4ced45d2,68adb19f-9257-4476-a2dd-c4dec94ed588,68adb19f-9257-4476-a2dd-c4dec94ed588,sess-ec4983e09b,com.tech.core.Dispatcher,exec-6,,,200,Successfully processed request for gateway-proxy,[WARN] 2026-03-22T22:17:00Z gateway-proxy 56bbfb5f3be147a0ba993eb9cacd3c3c - Successfully processed request for gateway-proxy,"team=sre,version=v2.0",v1.2
2026-03-20T03:16:00Z,2026-03-20T03:16:00Z,ERROR,order-service,staging,cn-beijing,zone-a,host-418,10.0.242.168,192.168.206.218,order-service-67cd3e19,3e1fedd41d69,k8s-node-26,0a82a27c09e24cfe9830dbf87c1818f0,507dfb47d2774bc2,6106f3ab-7d45-4d9a-ba50-cf0f2f9fa741,6106f3ab-7d45-4d9a-ba50-cf0f2f9fa741,sess-2c60913287,org.hibernate.SQL,exec-10,ERR_9541,NullPointerException,401,Operation failed in order-service: connection refused by peer,[ERROR] 2026-03-20T03:16:00Z order-service 0a82a27c09e24cfe9830dbf87c1818f0 - Operation failed in order-service: connection refused by peer,"team=sre,version=v2.0",v1.2
2026-03-19T15:58:00Z,2026-03-19T15:58:00Z,ERROR,inventory-center,prod,cn-hangzhou,zone-a,host-375,10.0.52.15,192.168.72.203,inventory-center-68ee40d6,0afbb4287be7,k8s-node-2,6ec6446ba3044c58a6bdf7bffd62c231,e06cc17862e94fee,0429c4b6-2963-4fca-86ec-11fd1e2b0831,0429c4b6-2963-4fca-86ec-11fd1e2b0831,sess-9b998d41d3,org.hibernate.SQL,exec-4,ERR_2714,CircuitBreakerOpen,401,Operation failed in inventory-center: connection refused by peer,[ERROR] 2026-03-19T15:58:00Z inventory-center 6ec6446ba3044c58a6bdf7bffd62c231 - Operation failed in inventory-center: connection refused by peer,"team=sre,version=v2.0",v1.2
2026-03-22T09:49:00Z,2026-03-22T09:49:00Z,INFO,user-auth-api,dev,cn-beijing,zone-b,host-901,10.0.88.141,192.168.211.230,user-auth-api-ce13cd96,2ac977a94869,k8s-node-37,a3b6534e09cd4c759b855ed538005e97,81fb38068a30411e,ebf015df-ecda-4de6-ba5e-e345a3f8bba9,ebf015df-ecda-4de6-ba5e-e345a3f8bba9,sess-199692c2c5,org.hibernate.SQL,exec-10,,,200,Successfully processed request for user-auth-api,[INFO] 2026-03-22T09:49:00Z user-auth-api a3b6534e09cd4c759b855ed538005e97 - Successfully processed request for user-auth-api,"team=sre,version=v2.0",v1.2
2026-03-24T21:44:00Z,2026-03-24T21:44:00Z,WARN,inventory-center,prod,eu-central-1,zone-a,host-811,10.0.6.33,192.168.29.131,inventory-center-5419aa96,85f12ce77946,k8s-node-43,a26bda10c49946328754ac66b956532d,4172c40177894c8a,1a13b699-ec75-4743-801d-4333b7bf4009,1a13b699-ec75-4743-801d-4333b7bf4009,sess-4027bb117c,com.biz.service.impl,exec-13,,,200,Successfully processed request for inventory-center,[WARN] 2026-03-24T21:44:00Z inventory-center a26bda10c49946328754ac66b956532d - Successfully processed request for inventory-center,"team=sre,version=v2.0",v1.2
2026-03-21T21:41:00Z,2026-03-21T21:41:00Z,INFO,payment-service,prod,us-west-1,zone-c,host-541,10.0.70.18,192.168.59.226,payment-service-70575ae8,91576428b2e6,k8s-node-46,cea29b2637f647bca98b6ce7fa0568e6,fde46489944c432d,3f14e643-0453-4842-b97e-49d90b0423cc,3f14e643-0453-4842-b97e-49d90b0423cc,sess-adc971ad32,com.tech.core.Dispatcher,exec-19,,,200,Successfully processed request for payment-service,[INFO] 2026-03-21T21:41:00Z payment-service cea29b2637f647bca98b6ce7fa0568e6 - Successfully processed request for payment-service,"team=sre,version=v2.0",v1.2
2026-03-22T16:29:00Z,2026-03-22T16:29:00Z,ERROR,gateway-proxy,dev,cn-beijing,zone-b,host-944,10.0.130.167,192.168.38.93,gateway-proxy-083b217e,d709c660f112,k8s-node-3,510dbb051b404a0da29fd577a010acfd,f142d6ad1b9e480c,12c094b4-0458-4dcd-b6e6-339d9614f8f0,12c094b4-0458-4dcd-b6e6-339d9614f8f0,sess-9a15f56c26,io.netty.util.internal,exec-17,ERR_2519,CircuitBreakerOpen,502,Operation failed in gateway-proxy: connection refused by peer,[ERROR] 2026-03-22T16:29:00Z gateway-proxy 510dbb051b404a0da29fd577a010acfd - Operation failed in gateway-proxy: connection refused by peer,"team=sre,version=v2.0",v1.2
2026-03-24T23:28:00Z,2026-03-24T23:28:00Z,INFO,gateway-proxy,dev,us-west-1,zone-a,host-651,10.0.21.20,192.168.121.77,gateway-proxy-c1a10cb9,08784f43d92a,k8s-node-15,8591c20a47e74ace822eb99973d22196,6489a6cbe06d4cb5,c26815d4-c2ea-4ead-9e18-aefca60d2ba6,c26815d4-c2ea-4ead-9e18-aefca60d2ba6,sess-907044c4e2,com.tech.core.Dispatcher,exec-15,,,200,Successfully processed request for gateway-proxy,[INFO] 2026-03-24T23:28:00Z gateway-proxy 8591c20a47e74ace822eb99973d22196 - Successfully processed request for gateway-proxy,"team=sre,version=v2.0",v1.2
2026-03-19T20:57:00Z,2026-03-19T20:57:00Z,ERROR,order-service,prod,us-west-1,zone-b,host-972,10.0.105.98,192.168.37.190,order-service-baed1254,66c433789399,k8s-node-3,b34b7da3d7e74af98f1df05653c3d649,78a54d364bb3438e,0a6783af-416b-497d-9272-dea03200834e,0a6783af-416b-497d-9272-dea03200834e,sess-6788c3faa7,com.tech.core.Dispatcher,exec-15,ERR_5725,TimeoutException,503,Operation failed in order-service: connection refused by peer,[ERROR] 2026-03-19T20:57:00Z order-service b34b7da3d7e74af98f1df05653c3d649 - Operation failed in order-service: connection refused by peer,"team=sre,version=v2.0",v1.2
2026-03-20T04:45:00Z,2026-03-20T04:45:00Z,WARN,user-auth-api,dev,cn-beijing,zone-b,host-328,10.0.241.73,192.168.24.89,user-auth-api-53384771,896953d882cc,k8s-node-12,0f4117d1b5eb4e7e9b4414e32f9bd065,227439f1598344ae,b2469dc2-1f16-4669-bdb9-f5e07afb4ef4,b2469dc2-1f16-4669-bdb9-f5e07afb4ef4,sess-0ea1ce1b1c,io.netty.util.internal,exec-4,,,200,Successfully processed request for user-auth-api,[WARN] 2026-03-20T04:45:00Z user-auth-api 0f4117d1b5eb4e7e9b4414e32f9bd065 - Successfully processed request for user-auth-api,"team=sre,version=v2.0",v1.2
2026-03-23T12:46:00Z,2026-03-23T12:46:00Z,WARN,user-auth-api,prod,eu-central-1,zone-c,host-305,10.0.37.171,192.168.91.158,user-auth-api-6f4a9c84,bc79106a44fc,k8s-node-23,533fe9df919d470f9e9fbdbb7d4cdb8b,09799c19833648bb,016372e7-438d-4439-9fa1-41b7fd48d22b,016372e7-438d-4439-9fa1-41b7fd48d22b,sess-91f8a9ac04,io.netty.util.internal,exec-9,,,200,Successfully processed request for user-auth-api,[WARN] 2026-03-23T12:46:00Z user-auth-api 533fe9df919d470f9e9fbdbb7d4cdb8b - Successfully processed request for user-auth-api,"team=sre,version=v2.0",v1.2
2026-03-22T07:29:00Z,2026-03-22T07:29:00Z,WARN,payment-service,dev,us-west-1,zone-a,host-589,10.0.22.145,192.168.24.56,payment-service-99e031cd,08c6491a4ccf,k8s-node-18,e063bf1eb8ed4ee6ac7ffcaf7667fd16,37624449573d4775,631a3a14-4f40-4991-9c34-4e0593ec1446,631a3a14-4f40-4991-9c34-4e0593ec1446,sess-775536275b,com.tech.core.Dispatcher,exec-9,,,200,Successfully processed request for payment-service,[WARN] 2026-03-22T07:29:00Z payment-service e063bf1eb8ed4ee6ac7ffcaf7667fd16 - Successfully processed request for payment-service,"team=sre,version=v2.0",v1.2
2026-03-21T12:38:00Z,2026-03-21T12:38:00Z,WARN,gateway-proxy,prod,us-west-1,zone-a,host-230,10.0.233.244,192.168.188.139,gateway-proxy-ed276d3f,a6de68c87885,k8s-node-15,5f84a1ef70254dc8bc477f61a091b7da,d04590c3a82648e9,2e57625f-7551-45be-bf91-971f75c0b725,2e57625f-7551-45be-bf91-971f75c0b725,sess-87e342f960,org.hibernate.SQL,exec-14,,,200,Successfully processed request for gateway-proxy,[WARN] 2026-03-21T12:38:00Z gateway-proxy 5f84a1ef70254dc8bc477f61a091b7da - Successfully processed request for gateway-proxy,"team=sre,version=v2.0",v1.2
2026-03-25T20:35:00Z,2026-03-25T20:35:00Z,INFO,payment-service,staging,cn-beijing,zone-c,host-113,10.0.193.120,192.168.116.184,payment-service-a6d7c98c,73a02f750c12,k8s-node-28,791bedeecec047de94aa625fc661c64b,b82d4919b3214355,ca1d6902-4880-4977-85e2-7ad4bc6b10ae,ca1d6902-4880-4977-85e2-7ad4bc6b10ae,sess-8044ba927d,com.tech.core.Dispatcher,exec-5,,,200,Successfully processed request for payment-service,[INFO] 2026-03-25T20:35:00Z payment-service 791bedeecec047de94aa625fc661c64b - Successfully processed request for payment-service,"team=sre,version=v2.0",v1.2
2026-03-23T17:11:00Z,2026-03-23T17:11:00Z,WARN,payment-service,staging,cn-beijing,zone-b,host-548,10.0.47.86,192.168.96.214,payment-service-f6367f24,2ebb4e84f293,k8s-node-3,272f3c88d3e74b78b0fceb8223d60a50,03f793324cf34830,0e73a5fb-6075-48d0-8cbe-5855ee50a731,0e73a5fb-6075-48d0-8cbe-5855ee50a731,sess-02d5ed01f8,org.hibernate.SQL,exec-11,,,200,Successfully processed request for payment-service,[WARN] 2026-03-23T17:11:00Z payment-service 272f3c88d3e74b78b0fceb8223d60a50 - Successfully processed request for payment-service,"team=sre,version=v2.0",v1.2
2026-03-20T21:30:00Z,2026-03-20T21:30:00Z,FATAL,search-engine,staging,cn-beijing,zone-b,host-509,10.0.155.42,192.168.93.249,search-engine-0c14977a,5b021d9c206b,k8s-node-13,6c0c12eb41c04e67a264ce24ad29db2a,78884cf73c6c4092,5319db78-1de0-43bf-9d3a-7dd66e0db965,5319db78-1de0-43bf-9d3a-7dd66e0db965,sess-600eaf2046,io.netty.util.internal,exec-6,ERR_8064,TimeoutException,503,Operation failed in search-engine: connection refused by peer,[FATAL] 2026-03-20T21:30:00Z search-engine 6c0c12eb41c04e67a264ce24ad29db2a - Operation failed in search-engine: connection refused by peer,"team=sre,version=v2.0",v1.2
2026-03-20T12:02:00Z,2026-03-20T12:02:00Z,INFO,notification-job,prod,us-west-1,zone-c,host-148,10.0.22.243,192.168.95.76,notification-job-6e0efb34,f42695e9fba3,k8s-node-30,e60bdb31d4db41629c88390492325439,5a07bd2ca2204624,0eaa2ee7-d1c3-4f36-b3a9-e3c2956aa11f,0eaa2ee7-d1c3-4f36-b3a9-e3c2956aa11f,sess-90a5b9fc38,org.hibernate.SQL,exec-10,,,200,Successfully processed request for notification-job,[INFO] 2026-03-20T12:02:00Z notification-job e60bdb31d4db41629c88390492325439 - Successfully processed request for notification-job,"team=sre,version=v2.0",v1.2
2026-03-19T16:45:00Z,2026-03-19T16:45:00Z,ERROR,gateway-proxy,dev,eu-central-1,zone-a,host-664,10.0.86.58,192.168.137.212,gateway-proxy-a575ddb8,349fdc1f5d2d,k8s-node-33,bde9e150cb1d4c3c825813a70d94af71,aefb84160fd94065,a6762511-9d2b-437e-a7af-915e1a48cbd2,a6762511-9d2b-437e-a7af-915e1a48cbd2,sess-021ea8a31d,com.biz.service.impl,exec-14,ERR_3532,TimeoutException,504,Operation failed in gateway-proxy: connection refused by peer,[ERROR] 2026-03-19T16:45:00Z gateway-proxy bde9e150cb1d4c3c825813a70d94af71 - Operation failed in gateway-proxy: connection refused by peer,"team=sre,version=v2.0",v1.2
2026-03-25T07:15:00Z,2026-03-25T07:15:00Z,WARN,order-service,prod,eu-central-1,zone-a,host-192,10.0.65.241,192.168.134.198,order-service-016a0590,afad461424be,k8s-node-35,d9e0254743cb4af9a8bb9b5c48bba52f,fdbc32cdfaaa4b5b,eb049760-ab1c-4b41-896d-46a3104bd2b8,eb049760-ab1c-4b41-896d-46a3104bd2b8,sess-e53b9a7505,com.tech.core.Dispatcher,exec-5,,,200,Successfully processed request for order-service,[WARN] 2026-03-25T07:15:00Z order-service d9e0254743cb4af9a8bb9b5c48bba52f - Successfully processed request for order-service,"team=sre,version=v2.0",v1.2
2026-03-22T16:54:00Z,2026-03-22T16:54:00Z,INFO,order-service,prod,cn-beijing,zone-a,host-332,10.0.167.193,192.168.17.31,order-service-63aefe72,be572b989779,k8s-node-22,fd7fa00afeb84890bdbb08d213e44208,cc46ac24ff3a4c53,db4e56cd-64d6-42a9-b41a-6b2a041a5669,db4e56cd-64d6-42a9-b41a-6b2a041a5669,sess-46a9f15afd,com.tech.core.Dispatcher,exec-7,,,200,Successfully processed request for order-service,[INFO] 2026-03-22T16:54:00Z order-service fd7fa00afeb84890bdbb08d213e44208 - Successfully processed request for order-service,"team=sre,version=v2.0",v1.2
2026-03-19T17:12:00Z,2026-03-19T17:12:00Z,INFO,search-engine,prod,eu-central-1,zone-c,host-653,10.0.250.126,192.168.43.151,search-engine-b679da98,b82887f95eda,k8s-node-36,28f2b1a875e14275beb55edb5888220e,a5086aea380d44c6,96e367e5-2cbe-443c-a87f-401bc2a59861,96e367e5-2cbe-443c-a87f-401bc2a59861,sess-91817f1e41,com.tech.core.Dispatcher,exec-18,,,200,Successfully processed request for search-engine,[INFO] 2026-03-19T17:12:00Z search-engine 28f2b1a875e14275beb55edb5888220e - Successfully processed request for search-engine,"team=sre,version=v2.0",v1.2
2026-03-24T09:21:00Z,2026-03-24T09:21:00Z,ERROR,user-auth-api,prod,eu-central-1,zone-b,host-125,10.0.254.98,192.168.104.170,user-auth-api-767cdc4e,5f6a595894d1,k8s-node-50,79ae6ed5838343e1b8f5b47c27bf4231,95602f8393f0486e,b3014999-7fe5-47bf-96b5-704fef6945c1,b3014999-7fe5-47bf-96b5-704fef6945c1,sess-4cfeaef972,io.netty.util.internal,exec-2,ERR_1517,NullPointerException,504,Operation failed in user-auth-api: connection refused by peer,[ERROR] 2026-03-24T09:21:00Z user-auth-api 79ae6ed5838343e1b8f5b47c27bf4231 - Operation failed in user-auth-api: connection refused by peer,"team=sre,version=v2.0",v1.2
2026-03-22T14:14:00Z,2026-03-22T14:14:00Z,WARN,user-auth-api,dev,eu-central-1,zone-a,host-551,10.0.242.58,192.168.121.146,user-auth-api-c3897b53,8aea6b51e21a,k8s-node-5,41fe07503ad74c848a95b829f2765b0c,1922a8b33fa946c6,53080ca9-082d-4cb1-8152-b03f95e58f84,53080ca9-082d-4cb1-8152-b03f95e58f84,sess-ff6d3b2e20,com.tech.core.Dispatcher,exec-14,,,200,Successfully processed request for user-auth-api,[WARN] 2026-03-22T14:14:00Z user-auth-api 41fe07503ad74c848a95b829f2765b0c - Successfully processed request for user-auth-api,"team=sre,version=v2.0",v1.2
2026-03-25T20:40:00Z,2026-03-25T20:40:00Z,INFO,notification-job,dev,cn-beijing,zone-a,host-895,10.0.249.135,192.168.47.103,notification-job-711762df,473be2851b2c,k8s-node-13,999265e23ca047adaefd46ae15d2157e,d7fad7912e504da6,c939c550-f4be-46ec-b7e2-2353b3a734f2,c939c550-f4be-46ec-b7e2-2353b3a734f2,sess-81d60fe9f9,com.biz.service.impl,exec-2,,,200,Successfully processed request for notification-job,[INFO] 2026-03-25T20:40:00Z notification-job 999265e23ca047adaefd46ae15d2157e - Successfully processed request for notification-job,"team=sre,version=v2.0",v1.2
2026-03-21T02:35:00Z,2026-03-21T02:35:00Z,INFO,search-engine,dev,us-west-1,zone-b,host-365,10.0.164.73,192.168.180.196,search-engine-0f86c383,efe62b426792,k8s-node-8,07df8f24c0444bd89804efaf9d53e7a0,804ee4ec86634318,c95157d2-684e-4478-abbc-7ab62ddb5267,c95157d2-684e-4478-abbc-7ab62ddb5267,sess-56564c1bfd,com.tech.core.Dispatcher,exec-12,,,200,Successfully processed request for search-engine,[INFO] 2026-03-21T02:35:00Z search-engine 07df8f24c0444bd89804efaf9d53e7a0 - Successfully processed request for search-engine,"team=sre,version=v2.0",v1.2
2026-03-24T21:29:00Z,2026-03-24T21:29:00Z,WARN,search-engine,prod,us-west-1,zone-b,host-137,10.0.126.17,192.168.2.71,search-engine-6fb13bdb,868de7111c13,k8s-node-36,202cc255631a41009a32d8d43898843a,0d61e800e27c4cbb,aba18ee0-c76c-47ab-81b4-ef5fa16b1b59,aba18ee0-c76c-47ab-81b4-ef5fa16b1b59,sess-5ed819e769,com.tech.core.Dispatcher,exec-6,,,200,Successfully processed request for search-engine,[WARN] 2026-03-24T21:29:00Z search-engine 202cc255631a41009a32d8d43898843a - Successfully processed request for search-engine,"team=sre,version=v2.0",v1.2
2026-03-21T05:13:00Z,2026-03-21T05:13:00Z,ERROR,user-auth-api,dev,us-west-1,zone-b,host-436,10.0.6.7,192.168.129.153,user-auth-api-cd72c18f,6a3fcf97b97b,k8s-node-46,e1e0886555504e64baf5eb869e2ebaa7,e1df73075104441a,78075d78-857a-4b4d-91de-48bd3298777e,78075d78-857a-4b4d-91de-48bd3298777e,sess-f4dce28f67,com.biz.service.impl,exec-16,ERR_1523,NullPointerException,400,Operation failed in user-auth-api: connection refused by peer,[ERROR] 2026-03-21T05:13:00Z user-auth-api e1e0886555504e64baf5eb869e2ebaa7 - Operation failed in user-auth-api: connection refused by peer,"team=sre,version=v2.0",v1.2
2026-03-24T19:21:00Z,2026-03-24T19:21:00Z,INFO,user-auth-api,prod,cn-hangzhou,zone-c,host-692,10.0.51.204,192.168.176.151,user-auth-api-6201a177,7219e50e3349,k8s-node-36,6d7748518f64435eb5c0bda6fcb5059e,38edc89190764f0f,7683580b-7db6-4af1-b3ce-4a6b144e0041,7683580b-7db6-4af1-b3ce-4a6b144e0041,sess-9f14d6c348,org.hibernate.SQL,exec-2,,,200,Successfully processed request for user-auth-api,[INFO] 2026-03-24T19:21:00Z user-auth-api 6d7748518f64435eb5c0bda6fcb5059e - Successfully processed request for user-auth-api,"team=sre,version=v2.0",v1.2
2026-03-24T07:56:00Z,2026-03-24T07:56:00Z,WARN,order-service,dev,cn-hangzhou,zone-a,host-170,10.0.182.34,192.168.138.90,order-service-0a11c516,f698dacf03c2,k8s-node-49,68380f5f6f8148b089a31bfffc2e9948,db39410d69bf44a9,a504ec99-473f-4eca-8bd7-65771742e442,a504ec99-473f-4eca-8bd7-65771742e442,sess-2564ab9d4a,com.tech.core.Dispatcher,exec-20,,,200,Successfully processed request for order-service,[WARN] 2026-03-24T07:56:00Z order-service 68380f5f6f8148b089a31bfffc2e9948 - Successfully processed request for order-service,"team=sre,version=v2.0",v1.2
2026-03-25T06:37:00Z,2026-03-25T06:37:00Z,WARN,payment-service,dev,cn-hangzhou,zone-a,host-298,10.0.207.35,192.168.173.199,payment-service-606b5c00,1375f5f97376,k8s-node-42,501472daac61468695ea7381bcaea7d2,e490c65a39704451,7b803512-9530-4b93-9752-9ff01784e6f9,7b803512-9530-4b93-9752-9ff01784e6f9,sess-deee96ffa3,com.tech.core.Dispatcher,exec-6,,,200,Successfully processed request for payment-service,[WARN] 2026-03-25T06:37:00Z payment-service 501472daac61468695ea7381bcaea7d2 - Successfully processed request for payment-service,"team=sre,version=v2.0",v1.2
2026-03-26T04:53:00Z,2026-03-26T04:53:00Z,INFO,user-auth-api,staging,eu-central-1,zone-c,host-678,10.0.69.233,192.168.160.126,user-auth-api-3b628c0a,da9eab3b2c72,k8s-node-27,aa4109db42d7410fbac9f9ccacea1396,447b1d0ae0af4235,7b6e6f72-089f-4907-bd1c-993bb455039b,7b6e6f72-089f-4907-bd1c-993bb455039b,sess-8afb333c72,com.tech.core.Dispatcher,exec-3,,,200,Successfully processed request for user-auth-api,[INFO] 2026-03-26T04:53:00Z user-auth-api aa4109db42d7410fbac9f9ccacea1396 - Successfully processed request for user-auth-api,"team=sre,version=v2.0",v1.2
2026-03-26T00:09:00Z,2026-03-26T00:09:00Z,WARN,user-auth-api,prod,us-west-1,zone-b,host-463,10.0.91.102,192.168.138.207,user-auth-api-469f07f1,89150985f963,k8s-node-49,7d3dd7c170ce4f5c857fcc360d39c403,78d0c76e4dfa4b63,1edaf81d-7b10-4432-a3f7-7e65c81749ab,1edaf81d-7b10-4432-a3f7-7e65c81749ab,sess-2420b40c73,com.tech.core.Dispatcher,exec-9,,,200,Successfully processed request for user-auth-api,[WARN] 2026-03-26T00:09:00Z user-auth-api 7d3dd7c170ce4f5c857fcc360d39c403 - Successfully processed request for user-auth-api,"team=sre,version=v2.0",v1.2
2026-03-22T07:04:00Z,2026-03-22T07:04:00Z,ERROR,inventory-center,staging,cn-hangzhou,zone-a,host-130,10.0.80.167,192.168.210.156,inventory-center-44296668,759ecfd51c63,k8s-node-3,6debd41583bb4493887044be3ac3eb7f,35e56242f2e94d7a,51bcad58-df28-4852-802a-eada06c5e5ca,51bcad58-df28-4852-802a-eada06c5e5ca,sess-fda3b712eb,com.tech.core.Dispatcher,exec-16,ERR_3143,AuthFailure,400,Operation failed in inventory-center: connection refused by peer,[ERROR] 2026-03-22T07:04:00Z inventory-center 6debd41583bb4493887044be3ac3eb7f - Operation failed in inventory-center: connection refused by peer,"team=sre,version=v2.0",v1.2
2026-03-19T16:48:00Z,2026-03-19T16:48:00Z,FATAL,gateway-proxy,staging,us-west-1,zone-b,host-593,10.0.100.195,192.168.106.100,gateway-proxy-ddc2624c,e1af43d96e50,k8s-node-17,b2225ceff13c4459b724875f095f079e,872bfd7dfd074df7,5981cbc0-d103-4b64-bcfb-4d0da254a4da,5981cbc0-d103-4b64-bcfb-4d0da254a4da,sess-8f3244ae42,io.netty.util.internal,exec-10,ERR_6798,CircuitBreakerOpen,500,Operation failed in gateway-proxy: connection refused by peer,[FATAL] 2026-03-19T16:48:00Z gateway-proxy b2225ceff13c4459b724875f095f079e - Operation failed in gateway-proxy: connection refused by peer,"team=sre,version=v2.0",v1.2
2026-03-25T11:29:00Z,2026-03-25T11:29:00Z,FATAL,user-auth-api,staging,us-west-1,zone-c,host-582,10.0.31.82,192.168.218.83,user-auth-api-51df687e,2ee0b8003f13,k8s-node-42,e6936b1428c6496d8a684dd3b4b7aa38,1b6ca373e8434318,b12e33f6-874e-4102-ba27-1f26d57e7ea8,b12e33f6-874e-4102-ba27-1f26d57e7ea8,sess-aa4ed5fff3,io.netty.util.internal,exec-19,ERR_2621,TimeoutException,401,Operation failed in user-auth-api: connection refused by peer,[FATAL] 2026-03-25T11:29:00Z user-auth-api e6936b1428c6496d8a684dd3b4b7aa38 - Operation failed in user-auth-api: connection refused by peer,"team=sre,version=v2.0",v1.2
2026-03-20T17:33:00Z,2026-03-20T17:33:00Z,INFO,payment-service,staging,cn-beijing,zone-c,host-338,10.0.74.136,192.168.112.247,payment-service-8284724a,32e9dce96184,k8s-node-17,e121249246b44ff1af25c469ffdc8666,5adffcc5f7484df6,671c332b-5356-4171-9864-939a267c4d54,671c332b-5356-4171-9864-939a267c4d54,sess-e72c235f58,com.biz.service.impl,exec-3,,,200,Successfully processed request for payment-service,[INFO] 2026-03-20T17:33:00Z payment-service e121249246b44ff1af25c469ffdc8666 - Successfully processed request for payment-service,"team=sre,version=v2.0",v1.2
2026-03-25T09:19:00Z,2026-03-25T09:19:00Z,WARN,gateway-proxy,dev,cn-hangzhou,zone-b,host-423,10.0.79.254,192.168.70.80,gateway-proxy-059c9c63,c0e357c85276,k8s-node-43,026ce862311f4eb993b79e48049d4b9c,ea104b947b734b40,339f530f-bcf3-4b0b-b1bb-2623bd179889,339f530f-bcf3-4b0b-b1bb-2623bd179889,sess-4ceacb6c05,io.netty.util.internal,exec-3,,,200,Successfully processed request for gateway-proxy,[WARN] 2026-03-25T09:19:00Z gateway-proxy 026ce862311f4eb993b79e48049d4b9c - Successfully processed request for gateway-proxy,"team=sre,version=v2.0",v1.2
2026-03-24T18:38:00Z,2026-03-24T18:38:00Z,WARN,user-auth-api,staging,cn-hangzhou,zone-b,host-883,10.0.227.80,192.168.243.108,user-auth-api-5d99c936,60ad2d1b6b0a,k8s-node-29,1163ca012c95483b8db08f4b9b45aa83,6fb810424737400e,f5a8af2d-48ab-47bc-9a5d-6ecc4b514fbc,f5a8af2d-48ab-47bc-9a5d-6ecc4b514fbc,sess-02c878aca5,com.biz.service.impl,exec-5,,,200,Successfully processed request for user-auth-api,[WARN] 2026-03-24T18:38:00Z user-auth-api 1163ca012c95483b8db08f4b9b45aa83 - Successfully processed request for user-auth-api,"team=sre,version=v2.0",v1.2
2026-03-24T10:00:00Z,2026-03-24T10:00:00Z,INFO,search-engine,staging,us-west-1,zone-c,host-125,10.0.37.114,192.168.75.6,search-engine-002c347f,ed563dd82897,k8s-node-49,1dc434a151ae479fa2f9a6d61947b9a0,3a435dfac63749cb,2c32b44e-6e55-485d-a91f-2ca6610a28f0,2c32b44e-6e55-485d-a91f-2ca6610a28f0,sess-3ceff04696,com.biz.service.impl,exec-3,,,200,Successfully processed request for search-engine,[INFO] 2026-03-24T10:00:00Z search-engine 1dc434a151ae479fa2f9a6d61947b9a0 - Successfully processed request for search-engine,"team=sre,version=v2.0",v1.2
2026-03-23T03:24:00Z,2026-03-23T03:24:00Z,INFO,inventory-center,staging,us-west-1,zone-a,host-595,10.0.32.127,192.168.53.15,inventory-center-12bc1893,5941995a55cc,k8s-node-49,a03d845981614baa9dc2649a963c4258,62e3bab914a1401a,0a7a682e-acea-43a8-9386-fcb1191beea2,0a7a682e-acea-43a8-9386-fcb1191beea2,sess-0ba87ce103,com.tech.core.Dispatcher,exec-6,,,200,Successfully processed request for inventory-center,[INFO] 2026-03-23T03:24:00Z inventory-center a03d845981614baa9dc2649a963c4258 - Successfully processed request for inventory-center,"team=sre,version=v2.0",v1.2
2026-03-21T05:04:00Z,2026-03-21T05:04:00Z,FATAL,user-auth-api,staging,cn-hangzhou,zone-a,host-847,10.0.122.117,192.168.35.47,user-auth-api-07c4cfad,6df4c96e9021,k8s-node-23,c4daf9e12c334bd881e545857d51bece,af195f9f475f4b15,b3c82387-f3ab-470e-9a3c-b4af6fc241de,b3c82387-f3ab-470e-9a3c-b4af6fc241de,sess-3f17b03acc,com.biz.service.impl,exec-20,ERR_9586,CircuitBreakerOpen,404,Operation failed in user-auth-api: connection refused by peer,[FATAL] 2026-03-21T05:04:00Z user-auth-api c4daf9e12c334bd881e545857d51bece - Operation failed in user-auth-api: connection refused by peer,"team=sre,version=v2.0",v1.2
2026-03-21T18:35:00Z,2026-03-21T18:35:00Z,ERROR,user-auth-api,prod,eu-central-1,zone-b,host-336,10.0.168.75,192.168.35.254,user-auth-api-7fd2ca6c,354c4eb1a1ae,k8s-node-26,f279fe3eeb944d45a2e8da59ab450a46,2663461f46d44a06,c6ed194c-1d74-4fec-8eee-422800f69f73,c6ed194c-1d74-4fec-8eee-422800f69f73,sess-6e35825e73,com.tech.core.Dispatcher,exec-2,ERR_4114,NullPointerException,502,Operation failed in user-auth-api: connection refused by peer,[ERROR] 2026-03-21T18:35:00Z user-auth-api f279fe3eeb944d45a2e8da59ab450a46 - Operation failed in user-auth-api: connection refused by peer,"team=sre,version=v2.0",v1.2
2026-03-24T14:36:00Z,2026-03-24T14:36:00Z,FATAL,order-service,prod,cn-hangzhou,zone-a,host-718,10.0.242.207,192.168.154.234,order-service-e6053c91,e5eb906a0db5,k8s-node-1,cd2802bc53834114bfe08613dd3a47a5,bb733cf239a74e62,159e086b-2bff-41c7-b75f-86158beecbcc,159e086b-2bff-41c7-b75f-86158beecbcc,sess-49e4ed12d8,com.tech.core.Dispatcher,exec-15,ERR_7759,CircuitBreakerOpen,401,Operation failed in order-service: connection refused by peer,[FATAL] 2026-03-24T14:36:00Z order-service cd2802bc53834114bfe08613dd3a47a5 - Operation failed in order-service: connection refused by peer,"team=sre,version=v2.0",v1.2
2026-03-24T02:35:00Z,2026-03-24T02:35:00Z,ERROR,inventory-center,staging,cn-hangzhou,zone-c,host-237,10.0.246.28,192.168.15.236,inventory-center-c9a22ae1,3a5171d7a455,k8s-node-37,4144e1fe472c442e901453f3e3e29f90,966412e9e92e4cfc,74bb79d5-9eaa-45ad-9e3d-043967d03256,74bb79d5-9eaa-45ad-9e3d-043967d03256,sess-092c2eaf0e,org.hibernate.SQL,exec-4,ERR_8988,TimeoutException,502,Operation failed in inventory-center: connection refused by peer,[ERROR] 2026-03-24T02:35:00Z inventory-center 4144e1fe472c442e901453f3e3e29f90 - Operation failed in inventory-center: connection refused by peer,"team=sre,version=v2.0",v1.2
2026-03-25T22:09:00Z,2026-03-25T22:09:00Z,ERROR,payment-service,prod,cn-beijing,zone-a,host-637,10.0.175.85,192.168.206.50,payment-service-e184e80b,f44f2d9ed9ba,k8s-node-15,60b6cea47c51496db7c98a0b230e4339,adf74c30adb548be,43d4f108-3c28-4327-8056-ff5c8c6a3b42,43d4f108-3c28-4327-8056-ff5c8c6a3b42,sess-b95244ab7d,com.biz.service.impl,exec-19,ERR_6827,TimeoutException,404,Operation failed in payment-service: connection refused by peer,[ERROR] 2026-03-25T22:09:00Z payment-service 60b6cea47c51496db7c98a0b230e4339 - Operation failed in payment-service: connection refused by peer,"team=sre,version=v2.0",v1.2
2026-03-20T01:57:00Z,2026-03-20T01:57:00Z,FATAL,search-engine,prod,cn-hangzhou,zone-c,host-271,10.0.5.240,192.168.197.5,search-engine-b2398542,e5a9a019a571,k8s-node-28,4623d1bb218444f4ba32df319084a500,8e585c688224448d,1f533378-0517-44e4-9898-938d0c636647,1f533378-0517-44e4-9898-938d0c636647,sess-a679f7ade7,io.netty.util.internal,exec-9,ERR_6045,NullPointerException,503,Operation failed in search-engine: connection refused by peer,[FATAL] 2026-03-20T01:57:00Z search-engine 4623d1bb218444f4ba32df319084a500 - Operation failed in search-engine: connection refused by peer,"team=sre,version=v2.0",v1.2
2026-03-26T07:55:00Z,2026-03-26T07:55:00Z,WARN,user-auth-api,staging,cn-hangzhou,zone-b,host-461,10.0.111.173,192.168.11.104,user-auth-api-dfe781e1,b08ad6c23052,k8s-node-2,dd74b9770ad54b049e6c0df2df609785,7b1de4d36de64c32,45b7ed84-6db2-4a04-9490-83111400aa19,45b7ed84-6db2-4a04-9490-83111400aa19,sess-7c70750da9,com.biz.service.impl,exec-17,,,200,Successfully processed request for user-auth-api,[WARN] 2026-03-26T07:55:00Z user-auth-api dd74b9770ad54b049e6c0df2df609785 - Successfully processed request for user-auth-api,"team=sre,version=v2.0",v1.2
2026-03-20T01:49:00Z,2026-03-20T01:49:00Z,ERROR,notification-job,prod,us-west-1,zone-a,host-894,10.0.97.189,192.168.209.191,notification-job-5fa8e25f,b673a9da05d1,k8s-node-20,a01143c581414b61940e09adfe721c60,fbd834169a624c98,0a8d3e15-26bc-47ee-a84b-0f7df301b1c2,0a8d3e15-26bc-47ee-a84b-0f7df301b1c2,sess-4dd01a0692,com.biz.service.impl,exec-20,ERR_7211,AuthFailure,404,Operation failed in notification-job: connection refused by peer,[ERROR] 2026-03-20T01:49:00Z notification-job a01143c581414b61940e09adfe721c60 - Operation failed in notification-job: connection refused by peer,"team=sre,version=v2.0",v1.2
2026-03-22T14:13:00Z,2026-03-22T14:13:00Z,ERROR,payment-service,prod,cn-beijing,zone-a,host-720,10.0.169.181,192.168.190.172,payment-service-e17516c6,9724d5b72727,k8s-node-33,6a63d3eba23b4aa1a5b1325d52c09939,da5a0ebe59b64dce,13444ecd-fca9-454d-85a4-89b49674b63e,13444ecd-fca9-454d-85a4-89b49674b63e,sess-34b24e2b91,org.hibernate.SQL,exec-2,ERR_7413,DatabaseException,404,Operation failed in payment-service: connection refused by peer,[ERROR] 2026-03-22T14:13:00Z payment-service 6a63d3eba23b4aa1a5b1325d52c09939 - Operation failed in payment-service: connection refused by peer,"team=sre,version=v2.0",v1.2
2026-03-19T22:18:00Z,2026-03-19T22:18:00Z,INFO,user-auth-api,prod,cn-hangzhou,zone-a,host-870,10.0.202.223,192.168.4.93,user-auth-api-8d4d51ee,238166c780cb,k8s-node-10,fdb1d53e62934e149522532b2ad47b35,3c610a3585f843c3,8356044f-b093-49c8-a7e6-c06bab3005dc,8356044f-b093-49c8-a7e6-c06bab3005dc,sess-f1d1718cf9,com.tech.core.Dispatcher,exec-11,,,200,Successfully processed request for user-auth-api,[INFO] 2026-03-19T22:18:00Z user-auth-api fdb1d53e62934e149522532b2ad47b35 - Successfully processed request for user-auth-api,"team=sre,version=v2.0",v1.2
2026-03-21T00:46:00Z,2026-03-21T00:46:00Z,WARN,user-auth-api,staging,us-west-1,zone-b,host-955,10.0.106.43,192.168.66.30,user-auth-api-51593b86,6cab1c6fc4d3,k8s-node-44,379785baa5f14a258bda148f49d0797b,34a30bf43ff1479a,e423ab5a-16d3-408e-9dec-4f61aafd90f7,e423ab5a-16d3-408e-9dec-4f61aafd90f7,sess-6893994a44,org.hibernate.SQL,exec-7,,,200,Successfully processed request for user-auth-api,[WARN] 2026-03-21T00:46:00Z user-auth-api 379785baa5f14a258bda148f49d0797b - Successfully processed request for user-auth-api,"team=sre,version=v2.0",v1.2
2026-03-24T00:28:00Z,2026-03-24T00:28:00Z,WARN,inventory-center,staging,eu-central-1,zone-b,host-387,10.0.53.215,192.168.72.218,inventory-center-a2e20e78,c8f958507df0,k8s-node-32,a5cfdfe04f2c49e19da35c0d12299ef5,15e2095b1b034aa6,3db1467b-1166-486c-9d22-9a589273a78a,3db1467b-1166-486c-9d22-9a589273a78a,sess-089352d8b2,com.tech.core.Dispatcher,exec-1,,,200,Successfully processed request for inventory-center,[WARN] 2026-03-24T00:28:00Z inventory-center a5cfdfe04f2c49e19da35c0d12299ef5 - Successfully processed request for inventory-center,"team=sre,version=v2.0",v1.2
2026-03-23T12:45:00Z,2026-03-23T12:45:00Z,ERROR,notification-job,staging,cn-hangzhou,zone-b,host-499,10.0.174.109,192.168.27.7,notification-job-a120f43d,2d0131cd88b1,k8s-node-12,58c9bae68a9b4e83af9abe41517214a5,c02dfb123ea74a5b,e62fc372-0112-44db-b124-3585d02507a9,e62fc372-0112-44db-b124-3585d02507a9,sess-9d0e0836d3,io.netty.util.internal,exec-18,ERR_5036,DatabaseException,502,Operation failed in notification-job: connection refused by peer,[ERROR] 2026-03-23T12:45:00Z notification-job 58c9bae68a9b4e83af9abe41517214a5 - Operation failed in notification-job: connection refused by peer,"team=sre,version=v2.0",v1.2
2026-03-24T23:34:00Z,2026-03-24T23:34:00Z,WARN,order-service,prod,eu-central-1,zone-c,host-937,10.0.87.172,192.168.69.200,order-service-6e501a6c,1f3ebf9e0dcc,k8s-node-44,41952707b62f45b5b2ba073fa75c4c7d,392e4d0ae2f9427f,c7a07e03-9a8a-4e08-ba54-ad1e1fa2f7cd,c7a07e03-9a8a-4e08-ba54-ad1e1fa2f7cd,sess-66f2b02d30,com.biz.service.impl,exec-20,,,200,Successfully processed request for order-service,[WARN] 2026-03-24T23:34:00Z order-service 41952707b62f45b5b2ba073fa75c4c7d - Successfully processed request for order-service,"team=sre,version=v2.0",v1.2
2026-03-23T12:37:00Z,2026-03-23T12:37:00Z,FATAL,gateway-proxy,staging,cn-beijing,zone-b,host-500,10.0.44.140,192.168.155.175,gateway-proxy-c62cbfd3,aef82f41464b,k8s-node-27,008d97cae9f648028da98192c283f05a,c8b7e490bc6e48d3,c62ae5e7-8c01-4245-8a80-2934252e6727,c62ae5e7-8c01-4245-8a80-2934252e6727,sess-ad35c32f93,com.biz.service.impl,exec-4,ERR_9754,DatabaseException,401,Operation failed in gateway-proxy: connection refused by peer,[FATAL] 2026-03-23T12:37:00Z gateway-proxy 008d97cae9f648028da98192c283f05a - Operation failed in gateway-proxy: connection refused by peer,"team=sre,version=v2.0",v1.2
2026-03-22T06:32:00Z,2026-03-22T06:32:00Z,FATAL,search-engine,staging,cn-hangzhou,zone-c,host-707,10.0.207.46,192.168.47.114,search-engine-2d4a9eab,9c4807bc5886,k8s-node-48,193549f3a87e40348d65a6b62b5ed71b,158eea36ebc345b9,a96a2ddc-2b27-4aff-8dfd-9e945eee8157,a96a2ddc-2b27-4aff-8dfd-9e945eee8157,sess-68b8e56178,io.netty.util.internal,exec-12,ERR_9300,AuthFailure,504,Operation failed in search-engine: connection refused by peer,[FATAL] 2026-03-22T06:32:00Z search-engine 193549f3a87e40348d65a6b62b5ed71b - Operation failed in search-engine: connection refused by peer,"team=sre,version=v2.0",v1.2
2026-03-24T07:01:00Z,2026-03-24T07:01:00Z,WARN,inventory-center,staging,us-west-1,zone-c,host-757,10.0.164.117,192.168.221.226,inventory-center-961b9a0f,ddf1c131ae11,k8s-node-50,fdff16a531c740e29c5d6ac060c0debf,93c4c97e6070437a,7b889d88-a4f8-4fde-9e64-4627ad8c9491,7b889d88-a4f8-4fde-9e64-4627ad8c9491,sess-8a1a4bf351,com.biz.service.impl,exec-15,,,200,Successfully processed request for inventory-center,[WARN] 2026-03-24T07:01:00Z inventory-center fdff16a531c740e29c5d6ac060c0debf - Successfully processed request for inventory-center,"team=sre,version=v2.0",v1.2
2026-03-23T09:43:00Z,2026-03-23T09:43:00Z,INFO,gateway-proxy,prod,cn-beijing,zone-b,host-916,10.0.143.70,192.168.106.146,gateway-proxy-aca89347,04c3d8c14874,k8s-node-44,14a045304a324187a52ed51f8fd67b4d,f2c9ae1ff10c4387,d1757c62-a6b6-4e9e-99fe-1e681ecda988,d1757c62-a6b6-4e9e-99fe-1e681ecda988,sess-9eb01ee064,com.biz.service.impl,exec-11,,,200,Successfully processed request for gateway-proxy,[INFO] 2026-03-23T09:43:00Z gateway-proxy 14a045304a324187a52ed51f8fd67b4d - Successfully processed request for gateway-proxy,"team=sre,version=v2.0",v1.2
2026-03-21T09:52:00Z,2026-03-21T09:52:00Z,INFO,notification-job,prod,cn-hangzhou,zone-c,host-399,10.0.153.158,192.168.115.211,notification-job-e19e16ef,61977cd9f9b7,k8s-node-42,7c1db5e408874fafbac3a3a1a9cd7c03,f48f4140087a4888,802d83e2-8688-480c-bd78-78d58b2350c2,802d83e2-8688-480c-bd78-78d58b2350c2,sess-2765c914d3,org.hibernate.SQL,exec-1,,,200,Successfully processed request for notification-job,[INFO] 2026-03-21T09:52:00Z notification-job 7c1db5e408874fafbac3a3a1a9cd7c03 - Successfully processed request for notification-job,"team=sre,version=v2.0",v1.2
2026-03-21T18:05:00Z,2026-03-21T18:05:00Z,WARN,user-auth-api,dev,us-west-1,zone-c,host-644,10.0.220.160,192.168.121.84,user-auth-api-6f51b002,adad75694d36,k8s-node-9,f9bbdb775fb6403cad5065aceaf67f18,2f7e33fcdf814dde,4c271127-17c5-4ac6-9f79-ec55d1166b56,4c271127-17c5-4ac6-9f79-ec55d1166b56,sess-0f641853e3,org.hibernate.SQL,exec-15,,,200,Successfully processed request for user-auth-api,[WARN] 2026-03-21T18:05:00Z user-auth-api f9bbdb775fb6403cad5065aceaf67f18 - Successfully processed request for user-auth-api,"team=sre,version=v2.0",v1.2
2026-03-23T11:34:00Z,2026-03-23T11:34:00Z,INFO,payment-service,dev,cn-hangzhou,zone-a,host-421,10.0.101.34,192.168.129.129,payment-service-116b6de1,29060cb2af2a,k8s-node-45,f4c874aa1af4493ba5d9363629ffbd46,cd191194dac844cc,51348bd1-2925-44c5-8c02-e6b8b5f8eb5d,51348bd1-2925-44c5-8c02-e6b8b5f8eb5d,sess-e743565ded,com.biz.service.impl,exec-13,,,200,Successfully processed request for payment-service,[INFO] 2026-03-23T11:34:00Z payment-service f4c874aa1af4493ba5d9363629ffbd46 - Successfully processed request for payment-service,"team=sre,version=v2.0",v1.2
2026-03-25T03:15:00Z,2026-03-25T03:15:00Z,ERROR,order-service,prod,cn-beijing,zone-a,host-511,10.0.188.230,192.168.154.213,order-service-7c55b13d,7a6eac618bac,k8s-node-39,14a1b0fd996d4974acbd1eb2f187a2e0,165d6b01cfc24677,a7226ebb-fb62-4e26-8100-2a6a1ea65a4a,a7226ebb-fb62-4e26-8100-2a6a1ea65a4a,sess-9356ff100d,com.biz.service.impl,exec-5,ERR_8234,CircuitBreakerOpen,400,Operation failed in order-service: connection refused by peer,[ERROR] 2026-03-25T03:15:00Z order-service 14a1b0fd996d4974acbd1eb2f187a2e0 - Operation failed in order-service: connection refused by peer,"team=sre,version=v2.0",v1.2
2026-03-23T13:18:00Z,2026-03-23T13:18:00Z,FATAL,user-auth-api,dev,cn-hangzhou,zone-b,host-312,10.0.207.103,192.168.59.72,user-auth-api-4ba956b5,f8f7a27a12da,k8s-node-34,c263633ddb8f43579c85371ad5d67906,e2a9be081e4245d2,e8ee34e9-a7d5-4fb7-93db-1d5c2cdb9315,e8ee34e9-a7d5-4fb7-93db-1d5c2cdb9315,sess-dd94055788,io.netty.util.internal,exec-2,ERR_7027,CircuitBreakerOpen,404,Operation failed in user-auth-api: connection refused by peer,[FATAL] 2026-03-23T13:18:00Z user-auth-api c263633ddb8f43579c85371ad5d67906 - Operation failed in user-auth-api: connection refused by peer,"team=sre,version=v2.0",v1.2
2026-03-21T05:58:00Z,2026-03-21T05:58:00Z,ERROR,inventory-center,staging,us-west-1,zone-a,host-736,10.0.239.214,192.168.39.75,inventory-center-f2ffe927,bf92d4ab975d,k8s-node-37,b3f3f68497d443529d9b70cdcb0404a3,d90d7114a4d14df1,484f64f9-1900-4b33-bebc-015a6b99fd89,484f64f9-1900-4b33-bebc-015a6b99fd89,sess-ce2677128a,org.hibernate.SQL,exec-15,ERR_4872,AuthFailure,504,Operation failed in inventory-center: connection refused by peer,[ERROR] 2026-03-21T05:58:00Z inventory-center b3f3f68497d443529d9b70cdcb0404a3 - Operation failed in inventory-center: connection refused by peer,"team=sre,version=v2.0",v1.2
2026-03-23T18:41:00Z,2026-03-23T18:41:00Z,WARN,notification-job,dev,cn-beijing,zone-c,host-104,10.0.208.6,192.168.226.87,notification-job-3983f880,5504a9985965,k8s-node-12,e4c3272714ed4e069de3553e6110302d,c3601103e2004439,b92b8605-77c4-4ff4-a407-4596b48eb137,b92b8605-77c4-4ff4-a407-4596b48eb137,sess-4214cf48f4,com.biz.service.impl,exec-4,,,200,Successfully processed request for notification-job,[WARN] 2026-03-23T18:41:00Z notification-job e4c3272714ed4e069de3553e6110302d - Successfully processed request for notification-job,"team=sre,version=v2.0",v1.2
2026-03-26T04:30:00Z,2026-03-26T04:30:00Z,FATAL,payment-service,dev,cn-hangzhou,zone-a,host-661,10.0.237.238,192.168.14.190,payment-service-64bc33ef,fe28258e72bd,k8s-node-21,d9dbe798a75b407898e02753d225b9f8,87c370a3e5004ed8,b28896e1-88e8-4705-b9d2-f71a02319ecc,b28896e1-88e8-4705-b9d2-f71a02319ecc,sess-4b86173f0b,com.tech.core.Dispatcher,exec-10,ERR_6099,AuthFailure,504,Operation failed in payment-service: connection refused by peer,[FATAL] 2026-03-26T04:30:00Z payment-service d9dbe798a75b407898e02753d225b9f8 - Operation failed in payment-service: connection refused by peer,"team=sre,version=v2.0",v1.2
2026-03-23T09:17:00Z,2026-03-23T09:17:00Z,WARN,gateway-proxy,staging,us-west-1,zone-b,host-837,10.0.201.87,192.168.199.131,gateway-proxy-86553465,f97cc0fef290,k8s-node-28,6d6971fde4484365a9f361ecdee688e7,4a8ff854af1b4e6c,e9a220f8-48a4-4770-a426-f2f7b2283b4b,e9a220f8-48a4-4770-a426-f2f7b2283b4b,sess-ba64cc08b3,org.hibernate.SQL,exec-9,,,200,Successfully processed request for gateway-proxy,[WARN] 2026-03-23T09:17:00Z gateway-proxy 6d6971fde4484365a9f361ecdee688e7 - Successfully processed request for gateway-proxy,"team=sre,version=v2.0",v1.2
2026-03-25T19:17:00Z,2026-03-25T19:17:00Z,WARN,gateway-proxy,staging,cn-hangzhou,zone-a,host-197,10.0.38.178,192.168.92.222,gateway-proxy-07afd5ad,4dca7ea48270,k8s-node-42,95b969616f924283a5313b6f3ee16c44,6a983504041c4df4,e2517db8-35c2-4e58-9dfa-13239128bed3,e2517db8-35c2-4e58-9dfa-13239128bed3,sess-bb4bcae062,io.netty.util.internal,exec-13,,,200,Successfully processed request for gateway-proxy,[WARN] 2026-03-25T19:17:00Z gateway-proxy 95b969616f924283a5313b6f3ee16c44 - Successfully processed request for gateway-proxy,"team=sre,version=v2.0",v1.2
2026-03-21T11:45:00Z,2026-03-21T11:45:00Z,WARN,order-service,prod,cn-beijing,zone-a,host-101,10.0.20.177,192.168.109.58,order-service-d252bd16,e4a5109dfb80,k8s-node-26,069a514aa58340dfbd3291684036e27f,984549da94d3471a,d3c9c8c2-f3a6-4714-915f-cdf3fa1c3c76,d3c9c8c2-f3a6-4714-915f-cdf3fa1c3c76,sess-1a16454eb2,com.tech.core.Dispatcher,exec-11,,,200,Successfully processed request for order-service,[WARN] 2026-03-21T11:45:00Z order-service 069a514aa58340dfbd3291684036e27f - Successfully processed request for order-service,"team=sre,version=v2.0",v1.2
2026-03-21T19:08:00Z,2026-03-21T19:08:00Z,FATAL,notification-job,staging,cn-beijing,zone-a,host-601,10.0.27.167,192.168.57.194,notification-job-58545044,bcc6f420c44e,k8s-node-47,2447dc084548484daa30d6ea4a4575fe,a9d792923bce4633,2eafa644-9b62-4de1-bb6f-830fab85ca43,2eafa644-9b62-4de1-bb6f-830fab85ca43,sess-787fc5594a,org.hibernate.SQL,exec-5,ERR_5314,NullPointerException,400,Operation failed in notification-job: connection refused by peer,[FATAL] 2026-03-21T19:08:00Z notification-job 2447dc084548484daa30d6ea4a4575fe - Operation failed in notification-job: connection refused by peer,"team=sre,version=v2.0",v1.2
2026-03-21T02:32:00Z,2026-03-21T02:32:00Z,INFO,notification-job,prod,cn-hangzhou,zone-a,host-535,10.0.140.21,192.168.15.238,notification-job-224b097c,2c9205debe50,k8s-node-27,a623e8cd1d604597aea51cb9ddf76693,5a2eb9807e0642de,8bb41734-c616-4fe8-829a-bcb0b26d61e2,8bb41734-c616-4fe8-829a-bcb0b26d61e2,sess-c8d7faa9cb,com.biz.service.impl,exec-4,,,200,Successfully processed request for notification-job,[INFO] 2026-03-21T02:32:00Z notification-job a623e8cd1d604597aea51cb9ddf76693 - Successfully processed request for notification-job,"team=sre,version=v2.0",v1.2
2026-03-24T08:23:00Z,2026-03-24T08:23:00Z,WARN,search-engine,dev,cn-beijing,zone-b,host-216,10.0.123.181,192.168.189.45,search-engine-b55523db,6206a44fd7e6,k8s-node-10,2320f41e623c404ba5bebe7ac3531366,615f5b3974104941,b0983baa-3e12-475c-949c-2a43002d781d,b0983baa-3e12-475c-949c-2a43002d781d,sess-61e1365c57,org.hibernate.SQL,exec-1,,,200,Successfully processed request for search-engine,[WARN] 2026-03-24T08:23:00Z search-engine 2320f41e623c404ba5bebe7ac3531366 - Successfully processed request for search-engine,"team=sre,version=v2.0",v1.2
2026-03-22T13:41:00Z,2026-03-22T13:41:00Z,WARN,user-auth-api,prod,cn-beijing,zone-b,host-671,10.0.186.56,192.168.227.37,user-auth-api-064d3821,f3aa9aafa626,k8s-node-32,6e0274ded0fb417083a0701c7b6667c3,ed150c7f7de34db9,36e1ac23-dbc4-4a08-8655-1dd522a93585,36e1ac23-dbc4-4a08-8655-1dd522a93585,sess-00516bf667,io.netty.util.internal,exec-8,,,200,Successfully processed request for user-auth-api,[WARN] 2026-03-22T13:41:00Z user-auth-api 6e0274ded0fb417083a0701c7b6667c3 - Successfully processed request for user-auth-api,"team=sre,version=v2.0",v1.2
2026-03-21T20:32:00Z,2026-03-21T20:32:00Z,WARN,search-engine,dev,us-west-1,zone-c,host-270,10.0.242.224,192.168.18.39,search-engine-16a3c2ec,adf67373e58d,k8s-node-45,64eb1f1228664aeda3195b88ba4d3a5a,65b56105b3b248d7,59b01359-b459-4e14-9bc7-503b23a62986,59b01359-b459-4e14-9bc7-503b23a62986,sess-db96dd90e2,io.netty.util.internal,exec-14,,,200,Successfully processed request for search-engine,[WARN] 2026-03-21T20:32:00Z search-engine 64eb1f1228664aeda3195b88ba4d3a5a - Successfully processed request for search-engine,"team=sre,version=v2.0",v1.2
2026-03-25T01:30:00Z,2026-03-25T01:30:00Z,WARN,inventory-center,dev,cn-beijing,zone-c,host-429,10.0.165.100,192.168.251.208,inventory-center-56f089f8,a1f130b8448e,k8s-node-21,eb4e7dd79d214f44bc62db0dfb3a1239,8fa9326cfa124fc5,14f49f55-13fe-4a98-8212-90db4fe4ad9d,14f49f55-13fe-4a98-8212-90db4fe4ad9d,sess-ffa4b6cc65,io.netty.util.internal,exec-20,,,200,Successfully processed request for inventory-center,[WARN] 2026-03-25T01:30:00Z inventory-center eb4e7dd79d214f44bc62db0dfb3a1239 - Successfully processed request for inventory-center,"team=sre,version=v2.0",v1.2
2026-03-21T14:19:00Z,2026-03-21T14:19:00Z,INFO,user-auth-api,staging,eu-central-1,zone-a,host-525,10.0.222.85,192.168.241.72,user-auth-api-7b5aa3f5,55c6431d2132,k8s-node-50,c1775ca41ae047f09137d1d595f1190e,0e61accaac094612,8066c312-60c2-4420-9d89-68307dd683cd,8066c312-60c2-4420-9d89-68307dd683cd,sess-a9584b4ef2,io.netty.util.internal,exec-18,,,200,Successfully processed request for user-auth-api,[INFO] 2026-03-21T14:19:00Z user-auth-api c1775ca41ae047f09137d1d595f1190e - Successfully processed request for user-auth-api,"team=sre,version=v2.0",v1.2
